"utilizationRate","appliedCumulativeSupplyRateIndexE12","cumulativeSupplyRateIndexE12","currentSupplyRateE18","variableBorrowed","currentVariableBorrowRateE18","cumulativeVariableBorrowRateIndexE12","timestamp"
0.400004,1.000008294313,1.000008294313,9.6001e-14,0.4,2.40003e-13,1.000020736087,1668017709095
0.400009,1.000016588867,1.000016588867,9.6003e-14,0.4,2.40006e-13,1.000041472776,1668104109095
0.400014,1.000024883663,1.000024883663,9.6006e-14,0.4,2.40009e-13,1.000062210155,1668190509095
0.400019,1.000033178787,1.000033178787,9.6008e-14,0.4,2.40012e-13,1.000082948223,1668276909095
0.400024,1.000041474153,1.000041474153,9.6011e-14,0.4,2.40015e-13,1.00010368698,1668363309095
0.400029,1.000049769847,1.000049769847,9.6013e-14,0.4,2.40018e-13,1.000124426427,1668449709095
0.400034,1.000058065782,1.000058065782,9.6015e-14,0.4,2.40021e-13,1.000145166563,1668536109095
0.400039,1.000066361959,1.000066361959,9.6018e-14,0.4,2.40024e-13,1.000165907388,1668622509095
0.400044,1.000074658464,1.000074658464,9.602e-14,0.4,2.40027e-13,1.000186648902,1668708909095
0.400049,1.000082955211,1.000082955211,9.6022e-14,0.4,2.4003e-13,1.000207391105,1668795309095
0.400054,1.000091252199,1.000091252199,9.6025e-14,0.4,2.40033e-13,1.000228133998,1668881709095
0.400059,1.000099549516,1.000099549516,9.6027e-14,0.4,2.40036e-13,1.000248877581,1668968109095
0.400064,1.000107847073,1.000107847073,9.603e-14,0.4001,2.40039e-13,1.000269621853,1669054509095
0.400069,1.000116144959,1.000116144959,9.6032e-14,0.4001,2.40042e-13,1.000290366814,1669140909095
0.400074,1.000124443086,1.000124443086,9.6034e-14,0.4001,2.40045e-13,1.000311112465,1669227309095
0.400079,1.000132741455,1.000132741455,9.6037e-14,0.4001,2.40048e-13,1.000331858806,1669313709095
0.400084,1.000141040152,1.000141040152,9.6039e-14,0.4001,2.40051e-13,1.000352605836,1669400109095
0.400089,1.000149339091,1.000149339091,9.6042e-14,0.4001,2.40054e-13,1.000373353556,1669486509095
0.400094,1.000157638358,1.000157638358,9.6044e-14,0.4001,2.40057e-13,1.000394101965,1669572909095
0.400099,1.000165937867,1.000165937867,9.6046e-14,0.4001,2.4006e-13,1.000414851064,1669659309095
0.400104,1.000174237618,1.000174237618,9.6049e-14,0.4001,2.40063e-13,1.000435600853,1669745709095
0.400109,1.000182537696,1.000182537696,9.6051e-14,0.4001,2.40066e-13,1.000456351331,1669832109095
0.400114,1.000190838016,1.000190838016,9.6054e-14,0.4001,2.40069e-13,1.000477102499,1669918509095
0.400119,1.000199138664,1.000199138664,9.6056e-14,0.4001,2.40072e-13,1.000497854357,1670004909095
0.400124,1.000207439554,1.000207439554,9.6058e-14,0.4002,2.40075e-13,1.000518606904,1670091309095
0.400129,1.000215740686,1.000215740686,9.6061e-14,0.4002,2.40078e-13,1.000539360142,1670177709095
0.400134,1.000224042146,1.000224042146,9.6063e-14,0.4002,2.40081e-13,1.000560114069,1670264109095
0.400139,1.000232343848,1.000232343848,9.6066e-14,0.4002,2.40084e-13,1.000580868686,1670350509095
0.400144,1.000240645878,1.000240645878,9.6068e-14,0.4002,2.40087e-13,1.000601623993,1670436909095
0.400149,1.00024894815,1.00024894815,9.607e-14,0.4002,2.4009e-13,1.000622379989,1670523309095
0.400154,1.000257250664,1.000257250664,9.6073e-14,0.4002,2.40093e-13,1.000643136676,1670609709095
0.400159,1.000265553506,1.000265553506,9.6075e-14,0.4002,2.40096e-13,1.000663894053,1670696109095
0.400164,1.00027385659,1.00027385659,9.6078e-14,0.4002,2.40099e-13,1.00068465212,1670782509095
0.400169,1.000282160002,1.000282160002,9.608e-14,0.4002,2.40102e-13,1.000705410876,1670868909095
0.400174,1.000290463656,1.000290463656,9.6082e-14,0.4002,2.40105e-13,1.000726170322,1670955309095
0.400179,1.000298767551,1.000298767551,9.6085e-14,0.4002,2.40108e-13,1.000746930459,1671041709095
0.400184,1.000307071775,1.000307071775,9.6087e-14,0.4003,2.40111e-13,1.000767691286,1671128109095
0.400189,1.00031537624,1.00031537624,9.609e-14,0.4003,2.40114e-13,1.000788452803,1671214509095
0.400194,1.000323681034,1.000323681034,9.6092e-14,0.4003,2.40117e-13,1.00080921501,1671300909095
0.400199,1.000331986069,1.000331986069,9.6094e-14,0.4003,2.4012e-13,1.000829977907,1671387309095
0.400204,1.000340291346,1.000340291346,9.6097e-14,0.4003,2.40123e-13,1.000850741495,1671473709095
0.400209,1.000348596951,1.000348596951,9.6099e-14,0.4003,2.40126e-13,1.000871505773,1671560109095
0.400214,1.000356902798,1.000356902798,9.6102e-14,0.4003,2.40129e-13,1.000892270741,1671646509095
0.400219,1.000365208973,1.000365208973,9.6104e-14,0.4003,2.40132e-13,1.000913036399,1671732909095
0.400224,1.00037351539,1.00037351539,9.6106e-14,0.4003,2.40135e-13,1.000933802747,1671819309095
0.400229,1.000381822049,1.000381822049,9.6109e-14,0.4003,2.40138e-13,1.000954569786,1671905709095
0.400233,1.000390129036,1.000390129036,9.6111e-14,0.4003,2.4014e-13,1.000975337515,1671992109095
0.400238,1.000398436265,1.000398436265,9.6113e-14,0.4003,2.40143e-13,1.000996105848,1672078509095
0.400243,1.000406743736,1.000406743736,9.6116e-14,0.4004,2.40146e-13,1.001016874871,1672164909095
0.400248,1.000415051535,1.000415051535,9.6118e-14,0.4004,2.40149e-13,1.001037644584,1672251309095
0.400253,1.000423359576,1.000423359576,9.612e-14,0.4004,2.40152e-13,1.001058414987,1672337709095
0.400258,1.000431667859,1.000431667859,9.6123e-14,0.4004,2.40155e-13,1.001079186081,1672424109095
0.400263,1.000439976471,1.000439976471,9.6125e-14,0.4004,2.40158e-13,1.001099957866,1672510509095
0.400268,1.000448285325,1.000448285325,9.6128e-14,0.4004,2.40161e-13,1.001120730341,1672596909095
0.400273,1.000456594507,1.000456594507,9.613e-14,0.4004,2.40164e-13,1.001141503507,1672683309095
0.400278,1.000464903931,1.000464903931,9.6132e-14,0.4004,2.40167e-13,1.001162277363,1672769709095
0.400283,1.000473213596,1.000473213596,9.6135e-14,0.4004,2.4017e-13,1.001183051909,1672856109095
0.400288,1.00048152359,1.00048152359,9.6137e-14,0.4004,2.40173e-13,1.001203827147,1672942509095
0.400293,1.000489833825,1.000489833825,9.6139e-14,0.4004,2.40176e-13,1.001224603075,1673028909095
0.400298,1.000498144302,1.000498144302,9.6142e-14,0.4004,2.40179e-13,1.001245379693,1673115309095
0.400303,1.000506455107,1.000506455107,9.6144e-14,0.4005,2.40182e-13,1.001266157002,1673201709095
0.400308,1.000514766155,1.000514766155,9.6147e-14,0.4005,2.40185e-13,1.001286935001,1673288109095
0.400313,1.000523077531,1.000523077531,9.6149e-14,0.4005,2.40188e-13,1.001307713692,1673374509095
0.400318,1.000531389149,1.000531389149,9.6151e-14,0.4005,2.40191e-13,1.001328493073,1673460909095
0.400323,1.000539701009,1.000539701009,9.6154e-14,0.4005,2.40194e-13,1.001349273145,1673547309095
0.400328,1.000548013197,1.000548013197,9.6156e-14,0.4005,2.40197e-13,1.001370053908,1673633709095
0.400333,1.000556325627,1.000556325627,9.6159e-14,0.4005,2.402e-13,1.001390835361,1673720109095
0.400338,1.000564638386,1.000564638386,9.6161e-14,0.4005,2.40203e-13,1.001411617506,1673806509095
0.400343,1.000572951387,1.000572951387,9.6163e-14,0.4005,2.40206e-13,1.001432400342,1673892909095
0.400348,1.00058126463,1.00058126463,9.6166e-14,0.4005,2.40209e-13,1.001453183868,1673979309095
0.400353,1.000589578201,1.000589578201,9.6168e-14,0.4005,2.40212e-13,1.001473968085,1674065709095
0.400358,1.000597892014,1.000597892014,9.6171e-14,0.4005,2.40215e-13,1.001494752993,1674152109095
0.400363,1.000606206155,1.000606206155,9.6173e-14,0.4006,2.40218e-13,1.001515538592,1674238509095
0.400368,1.000614520539,1.000614520539,9.6175e-14,0.4006,2.40221e-13,1.001536324882,1674324909095
0.400373,1.000622835165,1.000622835165,9.6178e-14,0.4006,2.40224e-13,1.001557111863,1674411309095
0.400378,1.000631150119,1.000631150119,9.618e-14,0.4006,2.40227e-13,1.001577899535,1674497709095
0.400383,1.000639465315,1.000639465315,9.6183e-14,0.4006,2.4023e-13,1.001598687898,1674584109095
0.400388,1.00064778084,1.00064778084,9.6185e-14,0.4006,2.40233e-13,1.001619476953,1674670509095
0.400393,1.000656096607,1.000656096607,9.6187e-14,0.4006,2.40236e-13,1.001640266699,1674756909095
0.400398,1.000664412615,1.000664412615,9.619e-14,0.4006,2.40239e-13,1.001661057136,1674843309095
0.400403,1.000672728952,1.000672728952,9.6192e-14,0.4006,2.40242e-13,1.001681848263,1674929709095
0.400408,1.000681045531,1.000681045531,9.6195e-14,0.4006,2.40245e-13,1.001702640081,1675016109095
0.400413,1.000689362439,1.000689362439,9.6197e-14,0.4006,2.40248e-13,1.001723432591,1675102509095
0.400418,1.000697679588,1.000697679588,9.6199e-14,0.4006,2.40251e-13,1.001744225793,1675188909095
0.400423,1.000705996979,1.000705996979,9.6202e-14,0.4007,2.40254e-13,1.001765019686,1675275309095
0.400428,1.000714314699,1.000714314699,9.6204e-14,0.4007,2.40257e-13,1.00178581427,1675361709095
0.400433,1.000722632661,1.000722632661,9.6207e-14,0.4007,2.4026e-13,1.001806609545,1675448109095
0.400438,1.000730950951,1.000730950951,9.6209e-14,0.4007,2.40263e-13,1.001827405512,1675534509095
0.400443,1.000739269483,1.000739269483,9.6211e-14,0.4007,2.40266e-13,1.00184820217,1675620909095
0.400448,1.000747588258,1.000747588258,9.6214e-14,0.4007,2.40269e-13,1.001868999519,1675707309095
0.400453,1.000755907361,1.000755907361,9.6216e-14,0.4007,2.40272e-13,1.00188979756,1675793709095
0.400458,1.000764226706,1.000764226706,9.6219e-14,0.4007,2.40275e-13,1.001910596292,1675880109095
0.400463,1.00077254638,1.00077254638,9.6221e-14,0.4007,2.40278e-13,1.001931395716,1675966509095
0.400468,1.000780866296,1.000780866296,9.6223e-14,0.4007,2.40281e-13,1.001952195831,1676052909095
0.400473,1.000789186454,1.000789186454,9.6226e-14,0.4007,2.40284e-13,1.001972996638,1676139309095
0.400478,1.000797506941,1.000797506941,9.6228e-14,0.4007,2.40287e-13,1.001993798136,1676225709095
0.400483,1.00080582767,1.00080582767,9.6231e-14,0.4008,2.4029e-13,1.002014600325,1676312109095
0.400488,1.000814148727,1.000814148727,9.6233e-14,0.4008,2.40293e-13,1.002035403207,1676398509095
0.400493,1.000822470027,1.000822470027,9.6235e-14,0.4008,2.40296e-13,1.00205620678,1676484909095
0.400498,1.000830791569,1.000830791569,9.6238e-14,0.4008,2.40299e-13,1.002077011045,1676571309095
0.400503,1.00083911344,1.00083911344,9.624e-14,0.4008,2.40302e-13,1.002097816001,1676657709095
0.400508,1.000847435553,1.000847435553,9.6243e-14,0.4008,2.40305e-13,1.002118621649,1676744109095
0.400513,1.000855757994,1.000855757994,9.6245e-14,0.4008,2.40308e-13,1.002139427989,1676830509095
0.400518,1.000864080678,1.000864080678,9.6247e-14,0.4008,2.40311e-13,1.002160235021,1676916909095
0.400522,1.000872403603,1.000872403603,9.625e-14,0.4008,2.40314e-13,1.002181042744,1677003309095
0.400527,1.000880726857,1.000880726857,9.6252e-14,0.4008,2.40317e-13,1.002201851159,1677089709095
0.400532,1.000889050353,1.000889050353,9.6255e-14,0.4008,2.4032e-13,1.002222660265,1677176109095
0.400537,1.000897374178,1.000897374178,9.6257e-14,0.4008,2.40323e-13,1.002243470064,1677262509095
0.400542,1.000905698245,1.000905698245,9.6259e-14,0.4009,2.40326e-13,1.002264280555,1677348909095
0.400547,1.000914022554,1.000914022554,9.6262e-14,0.4009,2.40329e-13,1.002285091737,1677435309095
0.400552,1.000922347191,1.000922347191,9.6264e-14,0.4009,2.40332e-13,1.002305903611,1677521709095
0.400557,1.000930672071,1.000930672071,9.6267e-14,0.4009,2.40335e-13,1.002326716177,1677608109095
0.400562,1.000938997279,1.000938997279,9.6269e-14,0.4009,2.40338e-13,1.002347529436,1677694509095
0.400567,1.00094732273,1.00094732273,9.6271e-14,0.4009,2.40341e-13,1.002368343386,1677780909095
0.400572,1.000955648423,1.000955648423,9.6274e-14,0.4009,2.40344e-13,1.002389158028,1677867309095
0.400577,1.000963974445,1.000963974445,9.6276e-14,0.4009,2.40347e-13,1.002409973362,1677953709095
0.400582,1.000972300709,1.000972300709,9.6279e-14,0.4009,2.4035e-13,1.002430789388,1678040109095
0.400587,1.000980627302,1.000980627302,9.6281e-14,0.4009,2.40353e-13,1.002451606107,1678126509095
0.400592,1.000988954137,1.000988954137,9.6283e-14,0.4009,2.40356e-13,1.002472423518,1678212909095
0.400597,1.000997281214,1.000997281214,9.6286e-14,0.4009,2.40359e-13,1.002493241621,1678299309095
0.400602,1.00100560862,1.00100560862,9.6288e-14,0.401,2.40362e-13,1.002514060416,1678385709095
0.400607,1.001013936268,1.001013936268,9.6291e-14,0.401,2.40365e-13,1.002534879903,1678472109095
0.400612,1.001022264245,1.001022264245,9.6293e-14,0.401,2.40368e-13,1.002555700083,1678558509095
0.400617,1.001030592464,1.001030592464,9.6295e-14,0.401,2.40371e-13,1.002576520955,1678644909095
0.400622,1.001038920926,1.001038920926,9.6298e-14,0.401,2.40374e-13,1.002597342519,1678731309095
0.400627,1.001047249716,1.001047249716,9.63e-14,0.401,2.40377e-13,1.002618164775,1678817709095
0.400632,1.001055578749,1.001055578749,9.6303e-14,0.401,2.4038e-13,1.002638987723,1678904109095
0.400637,1.001063908111,1.001063908111,9.6305e-14,0.401,2.40383e-13,1.002659811364,1678990509095
0.400642,1.001072237715,1.001072237715,9.6307e-14,0.401,2.40386e-13,1.002680635697,1679076909095
0.400647,1.001080567561,1.001080567561,9.631e-14,0.401,2.40389e-13,1.002701460723,1679163309095
0.400652,1.001088897736,1.001088897736,9.6312e-14,0.401,2.40392e-13,1.002722286441,1679249709095
0.400657,1.001097228153,1.001097228153,9.6315e-14,0.401,2.40395e-13,1.002743112851,1679336109095
0.400662,1.001105558899,1.001105558899,9.6317e-14,0.4011,2.40398e-13,1.002763939954,1679422509095
0.400667,1.001113889887,1.001113889887,9.6319e-14,0.4011,2.40401e-13,1.00278476775,1679508909095
0.400672,1.001122221117,1.001122221117,9.6322e-14,0.4011,2.40404e-13,1.002805596238,1679595309095
0.400677,1.001130552676,1.001130552676,9.6324e-14,0.4011,2.40407e-13,1.002826425418,1679681709095
0.400682,1.001138884477,1.001138884477,9.6327e-14,0.4011,2.4041e-13,1.002847255291,1679768109095
0.400687,1.001147216607,1.001147216607,9.6329e-14,0.4011,2.40413e-13,1.002868085857,1679854509095
0.400692,1.00115554898,1.00115554898,9.6331e-14,0.4011,2.40416e-13,1.002888917115,1679940909095
0.400697,1.001163881595,1.001163881595,9.6334e-14,0.4011,2.40419e-13,1.002909749066,1680027309095
0.400702,1.001172214539,1.001172214539,9.6336e-14,0.4011,2.40422e-13,1.002930581709,1680113709095
0.400707,1.001180547725,1.001180547725,9.6339e-14,0.4011,2.40425e-13,1.002951415045,1680200109095
0.400712,1.00118888124,1.00118888124,9.6341e-14,0.4011,2.40428e-13,1.002972249074,1680286509095
0.400717,1.001197214998,1.001197214998,9.6343e-14,0.4011,2.40431e-13,1.002993083796,1680372909095
0.400722,1.001205548998,1.001205548998,9.6346e-14,0.4012,2.40434e-13,1.003013919211,1680459309095
0.400727,1.001213883327,1.001213883327,9.6348e-14,0.4012,2.40437e-13,1.003034755318,1680545709095
0.400732,1.001222217898,1.001222217898,9.6351e-14,0.4012,2.4044e-13,1.003055592118,1680632109095
0.400737,1.001230552798,1.001230552798,9.6353e-14,0.4012,2.40443e-13,1.003076429611,1680718509095
0.400742,1.001238887941,1.001238887941,9.6355e-14,0.4012,2.40446e-13,1.003097267797,1680804909095
0.400747,1.001247223326,1.001247223326,9.6358e-14,0.4012,2.40449e-13,1.003118106676,1680891309095
0.400752,1.00125555904,1.00125555904,9.636e-14,0.4012,2.40452e-13,1.003138946248,1680977709095
0.400757,1.001263894997,1.001263894997,9.6363e-14,0.4012,2.40455e-13,1.003159786512,1681064109095
0.400762,1.001272231282,1.001272231282,9.6365e-14,0.4012,2.40458e-13,1.00318062747,1681150509095
0.400767,1.00128056781,1.00128056781,9.6367e-14,0.4012,2.40461e-13,1.003201469121,1681236909095
0.400772,1.00128890458,1.00128890458,9.637e-14,0.4012,2.40464e-13,1.003222311465,1681323309095
0.400777,1.001297241679,1.001297241679,9.6372e-14,0.4012,2.40467e-13,1.003243154502,1681409709095
0.400782,1.00130557902,1.00130557902,9.6375e-14,0.4013,2.4047e-13,1.003263998231,1681496109095
0.400787,1.001313916691,1.001313916691,9.6377e-14,0.4013,2.40473e-13,1.003284842654,1681582509095
0.400792,1.001322254603,1.001322254603,9.6379e-14,0.4013,2.40476e-13,1.00330568777,1681668909095
0.400797,1.001330592758,1.001330592758,9.6382e-14,0.4013,2.40479e-13,1.003326533579,1681755309095
0.400802,1.001338931242,1.001338931242,9.6384e-14,0.4013,2.40482e-13,1.003347380081,1681841709095
0.400807,1.001347269969,1.001347269969,9.6387e-14,0.4013,2.40485e-13,1.003368227276,1681928109095
0.750338,1.001347269969,1.001355609024,2.256065e-12,0.4013,3.006761e-12,1.003389075165,1682014509095
0.750387,1.00155079728,1.00155079728,2.256947e-12,0.4014,3.007741e-12,1.003649739744,1682100909095
0.750435,1.001746099905,1.001746099905,2.257814e-12,0.4015,3.008701e-12,1.00391055702,1682187309095
0.750484,1.001941515654,1.001941515654,2.258696e-12,0.4016,3.009681e-12,1.004171525343,1682273709095
0.750533,1.002137045877,1.002137045877,2.259578e-12,0.4017,3.010661e-12,1.00443264653,1682360109095
0.750581,1.002332690626,1.002332690626,2.260445e-12,0.4018,3.011621e-12,1.004693920665,1682446509095
0.75063,1.002528448654,1.002528448654,2.261327e-12,0.4019,3.012601e-12,1.004955346097,1682532909095
0.750679,1.00272432131,1.00272432131,2.26221e-12,0.402,3.013581e-12,1.005216924644,1682619309095
0.750727,1.002920308736,1.002920308736,2.263077e-12,0.4021,3.014541e-12,1.005478656391,1682705709095
0.750776,1.003116409595,1.003116409595,2.26396e-12,0.4022,3.015521e-12,1.005740539684,1682792109095
0.750825,1.003312625327,1.003312625327,2.264843e-12,0.4024,3.016501e-12,1.006002576345,1682878509095
0.750874,1.003508955984,1.003508955984,2.265726e-12,0.4025,3.017481e-12,1.006264766457,1682964909095
0.750922,1.003705401618,1.003705401618,2.266594e-12,0.4026,3.018441e-12,1.006527110105,1683051309095
0.750971,1.003901960981,1.003901960981,2.267477e-12,0.4027,3.019421e-12,1.006789605634,1683137709095
0.75102,1.004098635426,1.004098635426,2.26836e-12,0.4028,3.020401e-12,1.007052254867,1683224109095
0.751069,1.004295425006,1.004295425006,2.269243e-12,0.4029,3.021381e-12,1.007315057889,1683310509095
0.751118,1.004492329773,1.004492329773,2.270127e-12,0.403,3.022361e-12,1.007578014784,1683396909095
0.751166,1.004689349865,1.004689349865,2.270996e-12,0.4031,3.023321e-12,1.007841125637,1683483309095
0.751215,1.004886484035,1.004886484035,2.271879e-12,0.4032,3.024301e-12,1.008104388791,1683569709095
0.751264,1.005083733549,1.005083733549,2.272763e-12,0.4033,3.025281e-12,1.008367806071,1683656109095
0.751313,1.005281098548,1.005281098548,2.273647e-12,0.4034,3.026261e-12,1.008631377562,1683742509095
0.751362,1.005478579083,1.005478579083,2.274531e-12,0.4035,3.027241e-12,1.00889510335,1683828909095
0.751411,1.005676175208,1.005676175208,2.275416e-12,0.4036,3.028221e-12,1.009158983519,1683915309095
0.751459,1.005873887063,1.005873887063,2.276285e-12,0.4037,3.029181e-12,1.009423018154,1684001709095
0.751508,1.00607171331,1.00607171331,2.277169e-12,0.4038,3.030161e-12,1.009687205596,1684088109095
0.751557,1.006269655304,1.006269655304,2.278054e-12,0.4039,3.031141e-12,1.009951547674,1684174509095
0.751606,1.006467713186,1.006467713186,2.278939e-12,0.404,3.032121e-12,1.010216044473,1684260909095
0.751655,1.006665887009,1.006665887009,2.279824e-12,0.4041,3.033101e-12,1.010480696078,1684347309095
0.751704,1.006864176827,1.006864176827,2.280709e-12,0.4042,3.034081e-12,1.010745502575,1684433709095
0.751753,1.007062582692,1.007062582692,2.281594e-12,0.4044,3.035061e-12,1.011010464049,1684520109095
0.751802,1.007261104657,1.007261104657,2.282479e-12,0.4045,3.036041e-12,1.011275580585,1684606509095
0.751851,1.007459742776,1.007459742776,2.283365e-12,0.4046,3.037021e-12,1.011540852269,1684692909095
0.7519,1.00765849719,1.00765849719,2.28425e-12,0.4047,3.038001e-12,1.011806279187,1684779309095
0.751949,1.007857367864,1.007857367864,2.285136e-12,0.4048,3.038981e-12,1.012071861424,1684865709095
0.751998,1.008056354939,1.008056354939,2.286021e-12,0.4049,3.039961e-12,1.012337599067,1684952109095
0.752047,1.008255458381,1.008255458381,2.286907e-12,0.405,3.040941e-12,1.0126034922,1685038509095
0.752096,1.00845467833,1.00845467833,2.287793e-12,0.4051,3.041921e-12,1.01286954091,1685124909095
0.752145,1.008654014841,1.008654014841,2.288679e-12,0.4052,3.042901e-12,1.013135745283,1685211309095
0.752194,1.008853467967,1.008853467967,2.289566e-12,0.4053,3.043881e-12,1.013402105404,1685297709095
0.752243,1.009053037848,1.009053037848,2.290452e-12,0.4054,3.044861e-12,1.01366862136,1685384109095
0.752292,1.009252724451,1.009252724451,2.291339e-12,0.4055,3.045841e-12,1.013935293237,1685470509095
0.752341,1.009452527917,1.009452527917,2.292225e-12,0.4056,3.046821e-12,1.01420212112,1685556909095
0.75239,1.009652448213,1.009652448213,2.293112e-12,0.4057,3.047801e-12,1.014469105097,1685643309095
0.752439,1.009852485479,1.009852485479,2.293999e-12,0.4058,3.048781e-12,1.014736245253,1685729709095
0.752488,1.010052639769,1.010052639769,2.294886e-12,0.406,3.049761e-12,1.015003541675,1685816109095
0.752537,1.010252911137,1.010252911137,2.295773e-12,0.4061,3.050741e-12,1.015270994449,1685902509095
0.752586,1.010453299638,1.010453299638,2.29666e-12,0.4062,3.051721e-12,1.015538603662,1685988909095
0.752635,1.010653805325,1.010653805325,2.297548e-12,0.4063,3.052701e-12,1.0158063694,1686075309095
0.752684,1.010854428339,1.010854428339,2.298435e-12,0.4064,3.053681e-12,1.01607429175,1686161709095
0.752733,1.011055168647,1.011055168647,2.299323e-12,0.4065,3.054661e-12,1.016342370798,1686248109095
0.752782,1.01125602639,1.01125602639,2.300211e-12,0.4066,3.055641e-12,1.016610606631,1686334509095
0.752831,1.011457001622,1.011457001622,2.301098e-12,0.4067,3.056621e-12,1.016878999336,1686420909095
0.752881,1.011658094311,1.011658094311,2.302001e-12,0.4068,3.057621e-12,1.017147549,1686507309095
0.75293,1.011859305909,1.011859305909,2.30289e-12,0.4069,3.058601e-12,1.017416257467,1686593709095
0.752979,1.012060635247,1.012060635247,2.303778e-12,0.407,3.059581e-12,1.017685123068,1686680109095
0.753028,1.012262082292,1.012262082292,2.304666e-12,0.4071,3.060561e-12,1.01795414589,1686766509095
0.753077,1.012463647098,1.012463647098,2.305555e-12,0.4072,3.061541e-12,1.01822332602,1686852909095
0.753126,1.012665329807,1.012665329807,2.306443e-12,0.4073,3.062521e-12,1.018492663545,1686939309095
0.753176,1.012867130386,1.012867130386,2.307347e-12,0.4075,3.063521e-12,1.018762158552,1687025709095
0.753225,1.013069050289,1.013069050289,2.308236e-12,0.4076,3.064501e-12,1.019031812889,1687112109095
0.753274,1.01327108826,1.01327108826,2.309125e-12,0.4077,3.065481e-12,1.019301624884,1687198509095
0.753323,1.013473244353,1.013473244353,2.310014e-12,0.4078,3.066461e-12,1.019571594624,1687284909095
0.753372,1.013675518622,1.013675518622,2.310903e-12,0.4079,3.067441e-12,1.019841722196,1687371309095
0.753422,1.013877911122,1.013877911122,2.311808e-12,0.408,3.068441e-12,1.020112007689,1687457709095
0.753471,1.014080423309,1.014080423309,2.312697e-12,0.4081,3.069421e-12,1.020382452952,1687544109095
0.75352,1.014283053837,1.014283053837,2.313587e-12,0.4082,3.070401e-12,1.020653056312,1687630509095
0.753569,1.014485802848,1.014485802848,2.314477e-12,0.4083,3.071381e-12,1.020923817856,1687716909095
0.753619,1.014688670397,1.014688670397,2.315382e-12,0.4084,3.072381e-12,1.021194737672,1687803309095
0.753668,1.014891657854,1.014891657854,2.316272e-12,0.4085,3.073361e-12,1.021465817612,1687889709095
0.753717,1.01509476396,1.01509476396,2.317162e-12,0.4086,3.074341e-12,1.021737056001,1687976109095
0.753767,1.015297988769,1.015297988769,2.318067e-12,0.4088,3.075341e-12,1.022008452927,1688062509095
0.753816,1.015501333653,1.015501333653,2.318957e-12,0.4089,3.076321e-12,1.022280010244,1688148909095
0.753865,1.015704797351,1.015704797351,2.319848e-12,0.409,3.077301e-12,1.022551726275,1688235309095
0.753914,1.015908380006,1.015908380006,2.320738e-12,0.4091,3.078281e-12,1.022823601108,1688321709095
0.753964,1.016112081586,1.016112081586,2.321644e-12,0.4092,3.079281e-12,1.023095634831,1688408109095
0.754013,1.01631590355,1.01631590355,2.322535e-12,0.4093,3.080261e-12,1.0233678293,1688494509095
0.754063,1.016519844637,1.016519844637,2.323441e-12,0.4094,3.081261e-12,1.023640182837,1688580909095
0.754112,1.01672390622,1.01672390622,2.324332e-12,0.4095,3.082241e-12,1.023912697299,1688667309095
0.754161,1.016928087037,1.016928087037,2.325224e-12,0.4096,3.083221e-12,1.024185371007,1688753709095
0.754211,1.017132387231,1.017132387231,2.32613e-12,0.4097,3.084221e-12,1.02445820405,1688840109095
0.75426,1.017336808089,1.017336808089,2.327022e-12,0.4098,3.085201e-12,1.024731198286,1688926509095
0.754309,1.017541348435,1.017541348435,2.327913e-12,0.41,3.086181e-12,1.025004352034,1689012909095
0.754359,1.017746008238,1.017746008238,2.32882e-12,0.4101,3.087181e-12,1.025277665384,1689099309095
0.754408,1.017950788961,1.017950788961,2.329712e-12,0.4102,3.088161e-12,1.025551140196,1689185709095
0.754458,1.018155689339,1.018155689339,2.330619e-12,0.4103,3.089161e-12,1.025824774788,1689272109095
0.754507,1.018360710749,1.018360710749,2.331511e-12,0.4104,3.090141e-12,1.026098571022,1689358509095
0.754557,1.018565851927,1.018565851927,2.332418e-12,0.4105,3.091141e-12,1.026372527215,1689444909095
0.754606,1.018771114249,1.018771114249,2.333311e-12,0.4106,3.092121e-12,1.026646645229,1689531309095
0.754655,1.018976496539,1.018976496539,2.334203e-12,0.4107,3.093101e-12,1.026920923381,1689617709095
0.754705,1.019181998765,1.019181998765,2.335111e-12,0.4108,3.094101e-12,1.027195361761,1689704109095
0.754754,1.019387622392,1.019387622392,2.336004e-12,0.4109,3.095081e-12,1.027469962232,1689790509095
0.754804,1.019593366155,1.019593366155,2.336912e-12,0.411,3.096081e-12,1.02774472311,1689876909095
0.754853,1.019799231431,1.019799231431,2.337805e-12,0.4112,3.097061e-12,1.028019646261,1689963309095
0.754903,1.020005216957,1.020005216957,2.338713e-12,0.4113,3.098061e-12,1.028294729999,1690049709095
0.754952,1.02021132411,1.02021132411,2.339606e-12,0.4114,3.099041e-12,1.02856997619,1690136109095
0.755002,1.020417551624,1.020417551624,2.340515e-12,0.4115,3.100041e-12,1.028845383148,1690222509095
0.755052,1.020623900967,1.020623900967,2.341423e-12,0.4116,3.101041e-12,1.02912095274,1690308909095
0.755101,1.020830372107,1.020830372107,2.342317e-12,0.4117,3.102021e-12,1.029396685058,1690395309095
0.755151,1.021036963866,1.021036963866,2.343226e-12,0.4118,3.103021e-12,1.029672578414,1690481709095
0.7552,1.021243677624,1.021243677624,2.34412e-12,0.4119,3.104001e-12,1.029948634677,1690568109095
0.75525,1.021450512115,1.021450512115,2.345029e-12,0.412,3.105001e-12,1.030224852159,1690654509095
0.755299,1.021657468719,1.021657468719,2.345923e-12,0.4122,3.105981e-12,1.03050123273,1690740909095
0.755349,1.021864546169,1.021864546169,2.346832e-12,0.4123,3.106981e-12,1.0307777747,1690827309095
0.755399,1.022071745845,1.022071745845,2.347742e-12,0.4124,3.107981e-12,1.031054479942,1690913709095
0.755448,1.022279067894,1.022279067894,2.348636e-12,0.4125,3.108961e-12,1.031331348546,1691000109095
0.755498,1.02248651096,1.02248651096,2.349546e-12,0.4126,3.109961e-12,1.031608378823,1691086509095
0.755547,1.022694076513,1.022694076513,2.350441e-12,0.4127,3.110941e-12,1.031885572645,1691172909095
0.755597,1.022901763284,1.022901763284,2.351351e-12,0.4128,3.111941e-12,1.032162928321,1691259309095
0.755647,1.023109572657,1.023109572657,2.352261e-12,0.4129,3.112941e-12,1.032440447725,1691345709095
0.755696,1.023317504689,1.023317504689,2.353156e-12,0.413,3.113921e-12,1.032718130949,1691432109095
0.755746,1.023525558111,1.023525558111,2.354066e-12,0.4131,3.114921e-12,1.0329959763,1691518509095
0.755796,1.023733734306,1.023733734306,2.354977e-12,0.4133,3.115921e-12,1.033273985654,1691604909095
0.755845,1.023942033421,1.023942033421,2.355872e-12,0.4134,3.116901e-12,1.033552159104,1691691309095
0.755895,1.024150454098,1.024150454098,2.356783e-12,0.4135,3.117901e-12,1.033830494955,1691777709095
0.755945,1.02435899781,1.02435899781,2.357694e-12,0.4136,3.118901e-12,1.034108995085,1691864109095
0.755994,1.024567664614,1.024567664614,2.35859e-12,0.4137,3.119881e-12,1.034387659586,1691950509095
0.756044,1.024776453242,1.024776453242,2.359501e-12,0.4138,3.120881e-12,1.034666486764,1692036909095
0.756094,1.024985365077,1.024985365077,2.360412e-12,0.4139,3.121881e-12,1.034945478497,1692123309095
0.756144,1.025194400178,1.025194400178,2.361324e-12,0.414,3.122881e-12,1.035224634878,1692209709095
0.756193,1.025403558692,1.025403558692,2.36222e-12,0.4142,3.123861e-12,1.035503955999,1692296109095
0.756243,1.025612839259,1.025612839259,2.363132e-12,0.4143,3.124861e-12,1.035783440164,1692382509095
0.756293,1.025822243354,1.025822243354,2.364044e-12,0.4144,3.125861e-12,1.036063089254,1692468909095
0.756343,1.026031771036,1.026031771036,2.364956e-12,0.4145,3.126861e-12,1.036342903361,1692555309095
0.756392,1.026241422362,1.026241422362,2.365852e-12,0.4146,3.127841e-12,1.036622882579,1692641709095
0.756442,1.026451195972,1.026451195972,2.366765e-12,0.4147,3.128841e-12,1.036903025209,1692728109095
0.756492,1.026661093433,1.026661093433,2.367677e-12,0.4148,3.129841e-12,1.037183333135,1692814509095
0.756542,1.026871114712,1.026871114712,2.368589e-12,0.4149,3.130841e-12,1.03746380645,1692900909095
0.756592,1.027081259869,1.027081259869,2.369502e-12,0.415,3.131841e-12,1.037744445247,1692987309095
0.756641,1.027291529051,1.027291529051,2.370399e-12,0.4152,3.132821e-12,1.038025249619,1693073709095
0.756691,1.027501920896,1.027501920896,2.371312e-12,0.4153,3.133821e-12,1.038306217866,1693160109095
0.756741,1.027712436882,1.027712436882,2.372225e-12,0.4154,3.134821e-12,1.038587351874,1693246509095
0.756791,1.027923077069,1.027923077069,2.373138e-12,0.4155,3.135821e-12,1.038868651736,1693332909095
0.756841,1.028133841515,1.028133841515,2.374051e-12,0.4156,3.136821e-12,1.039150117546,1693419309095
0.756891,1.028344730278,1.028344730278,2.374965e-12,0.4157,3.137821e-12,1.039431749398,1693505709095
0.756941,1.028555743506,1.028555743506,2.375878e-12,0.4158,3.138821e-12,1.039713547385,1693592109095
0.75699,1.028766881169,1.028766881169,2.376777e-12,0.4159,3.139801e-12,1.039995511601,1693678509095
0.75704,1.028978142081,1.028978142081,2.37769e-12,0.4161,3.140801e-12,1.040277640342,1693764909095
0.75709,1.029189527546,1.029189527546,2.378604e-12,0.4162,3.141801e-12,1.040559935499,1693851309095
0.75714,1.029401037711,1.029401037711,2.379518e-12,0.4163,3.142801e-12,1.040842397165,1693937709095
0.75719,1.029612672635,1.029612672635,2.380432e-12,0.4164,3.143801e-12,1.041125025435,1694024109095
0.75724,1.029824432377,1.029824432377,2.381346e-12,0.4165,3.144801e-12,1.041407820402,1694110509095
0.75729,1.030036316997,1.030036316997,2.382261e-12,0.4166,3.145801e-12,1.041690782161,1694196909095
0.75734,1.030248326642,1.030248326642,2.383175e-12,0.4167,3.146801e-12,1.041973910806,1694283309095
0.75739,1.030460461283,1.030460461283,2.38409e-12,0.4169,3.147801e-12,1.042257206431,1694369709095
0.75744,1.030672721068,1.030672721068,2.385004e-12,0.417,3.148801e-12,1.04254066913,1694456109095
0.75749,1.030885105967,1.030885105967,2.385919e-12,0.4171,3.149801e-12,1.042824298998,1694542509095
0.75754,1.031097616128,1.031097616128,2.386834e-12,0.4172,3.150801e-12,1.043108096129,1694628909095
0.75759,1.031310251611,1.031310251611,2.387749e-12,0.4173,3.151801e-12,1.043392060618,1694715309095
0.75764,1.031523012476,1.031523012476,2.388665e-12,0.4174,3.152801e-12,1.04367619256,1694801709095
0.75769,1.031735898871,1.031735898871,2.38958e-12,0.4175,3.153801e-12,1.043960492049,1694888109095
0.75774,1.031948910767,1.031948910767,2.390495e-12,0.4176,3.154801e-12,1.04424495918,1694974509095
0.75779,1.032162048223,1.032162048223,2.391411e-12,0.4178,3.155801e-12,1.044529594048,1695060909095
0.75784,1.032375311388,1.032375311388,2.392327e-12,0.4179,3.156801e-12,1.044814396747,1695147309095
0.75789,1.032588700321,1.032588700321,2.393243e-12,0.418,3.157801e-12,1.045099367373,1695233709095
0.75794,1.032802215083,1.032802215083,2.394159e-12,0.4181,3.158801e-12,1.045384506021,1695320109095
0.75799,1.033015855733,1.033015855733,2.395075e-12,0.4182,3.159801e-12,1.045669812785,1695406509095
0.75804,1.033229622331,1.033229622331,2.395991e-12,0.4183,3.160801e-12,1.045955287761,1695492909095
0.75809,1.033443514937,1.033443514937,2.396907e-12,0.4184,3.161801e-12,1.046240931044,1695579309095
0.75814,1.03365753361,1.03365753361,2.397824e-12,0.4186,3.162801e-12,1.04652674273,1695665709095
0.75819,1.033871678501,1.033871678501,2.39874e-12,0.4187,3.163801e-12,1.046812722914,1695752109095
0.75824,1.03408594958,1.03408594958,2.399657e-12,0.4188,3.164801e-12,1.047098871691,1695838509095
0.758291,1.034300346996,1.034300346996,2.400589e-12,0.4189,3.165821e-12,1.047385189157,1695924909095
0.951668,1.034300346996,1.03451487215,1.01515369e-10,0.4189,1.06672001e-10,1.047671677217,1696011309095
0.952088,1.043588527485,1.043588527485,1.03159698e-10,0.4229,1.08352001e-10,1.057327502252,1696097709095
0.952512,1.052890029846,1.052890029846,1.04821012e-10,0.4268,1.10048001e-10,1.067225793022,1696184109095
0.952938,1.062425565711,1.062425565711,1.06491717e-10,0.4309,1.11752001e-10,1.07737313305,1696270509095
0.953367,1.072200820469,1.072200820469,1.08175637e-10,0.4351,1.13468001e-10,1.087775572387,1696356909095
0.953799,1.082222011451,1.082222011451,1.09872793e-10,0.4393,1.15196001e-10,1.098439727372,1696443309095
0.954234,1.092495555086,1.092495555086,1.11583201e-10,0.4437,1.16936001e-10,1.109372426016,1696529709095
0.954671,1.103028073741,1.103028073741,1.13303062e-10,0.4482,1.18684001e-10,1.120580715706,1696616109095
0.95511,1.11382603973,1.11382603973,1.15032385e-10,0.4528,1.20440001e-10,1.132071483947,1696702509095
0.955552,1.124896131817,1.124896131817,1.16775002e-10,0.4575,1.22208001e-10,1.14385183802,1696788909095
0.955996,1.136245614046,1.136245614046,1.18527103e-10,0.4623,1.23984001e-10,1.155929507963,1696875309095
0.956442,1.147881611886,1.147881611886,1.20288696e-10,0.4673,1.25768001e-10,1.168312076482,1696961709095
0.95689,1.159811480432,1.159811480432,1.22059788e-10,0.4724,1.27560001e-10,1.18100737059,1697048109095
0.95734,1.172042812503,1.172042812503,1.23840384e-10,0.4776,1.29360001e-10,1.194023470229,1697134509095
0.957792,1.184583446944,1.184583446944,1.25630489e-10,0.4829,1.31168001e-10,1.207368717228,1697220909095
0.958245,1.197441477464,1.197441477464,1.27426275e-10,0.4884,1.32980001e-10,1.22105172462,1697307309095
0.9587,1.210624865269,1.210624865269,1.29231572e-10,0.494,1.34800001e-10,1.235080964326,1697393709095
0.959156,1.224142227731,1.224142227731,1.31042545e-10,0.4997,1.36624001e-10,1.249465606602,1697480109095
0.959614,1.238002058931,1.238002058931,1.32863027e-10,0.5056,1.38456001e-10,1.264214690563,1697566509095
0.960072,1.252213537094,1.252213537094,1.34685337e-10,0.5117,1.40288001e-10,1.279337983307,1697652909095
0.299999,1.252213537094,1.266785312006,5.3999e-14,0.2311,1.8e-13,1.294844689687,1697739309095
0.300003,1.266791222209,1.266791222209,5.4e-14,0.2311,1.80002e-13,1.294864827112,1697825709095
0.300006,1.26679713255,1.26679713255,5.4001e-14,0.2311,1.80004e-13,1.294884965073,1697912109095
0.300009,1.266803043027,1.266803043027,5.4002e-14,0.2311,1.80006e-13,1.294905103571,1697998509095
0.300012,1.266808953641,1.266808953641,5.4004e-14,0.2311,1.80008e-13,1.294925242606,1698084909095
0.300016,1.266814864501,1.266814864501,5.4005e-14,0.2312,1.8001e-13,1.294945382179,1698171309095
0.300019,1.266820775499,1.266820775499,5.4006e-14,0.2312,1.80012e-13,1.294965522289,1698257709095
0.300022,1.266826686634,1.266826686634,5.4007e-14,0.2312,1.80014e-13,1.294985662935,1698344109095
0.300025,1.266832597905,1.266832597905,5.4008e-14,0.2312,1.80016e-13,1.295005804118,1698430509095
0.300029,1.266838509314,1.266838509314,5.401e-14,0.2312,1.80018e-13,1.295025945838,1698516909095
0.300032,1.26684442097,1.26684442097,5.4011e-14,0.2312,1.8002e-13,1.295046088096,1698603309095
0.300035,1.266850332762,1.266850332762,5.4012e-14,0.2312,1.80022e-13,1.295066230891,1698689709095
0.300039,1.266856244691,1.266856244691,5.4013e-14,0.2312,1.80024e-13,1.295086374222,1698776109095
0.300042,1.266862156758,1.266862156758,5.4014e-14,0.2312,1.80026e-13,1.295106518091,1698862509095
0.300045,1.266868068961,1.266868068961,5.4016e-14,0.2312,1.80028e-13,1.295126662497,1698948909095
0.300048,1.266873981411,1.266873981411,5.4016e-14,0.2312,1.80029e-13,1.29514680744,1699035309095
0.300052,1.266879893889,1.266879893889,5.4018e-14,0.2312,1.80032e-13,1.295166952808,1699121709095
0.300055,1.266885806613,1.266885806613,5.4019e-14,0.2312,1.80034e-13,1.295187098825,1699208109095
0.300058,1.266891719474,1.266891719474,5.402e-14,0.2312,1.80035e-13,1.295207245379,1699294509095
0.300061,1.266897632473,1.266897632473,5.4021e-14,0.2312,1.80037e-13,1.295227392359,1699380909095
0.300065,1.266903545608,1.266903545608,5.4023e-14,0.2312,1.8004e-13,1.295247539875,1699467309095
0.300068,1.26690945899,1.26690945899,5.4024e-14,0.2312,1.80041e-13,1.295267688042,1699553709095
0.300071,1.266915372509,1.266915372509,5.4025e-14,0.2312,1.80043e-13,1.295287836633,1699640109095
0.300074,1.266921286165,1.266921286165,5.4026e-14,0.2312,1.80045e-13,1.295307985762,1699726509095
0.300078,1.266927199958,1.266927199958,5.4027e-14,0.2312,1.80047e-13,1.295328135428,1699812909095
0.300081,1.266933113888,1.266933113888,5.4028e-14,0.2312,1.80049e-13,1.295348285631,1699899309095
0.300084,1.266939027955,1.266939027955,5.403e-14,0.2312,1.80051e-13,1.295368436371,1699985709095
0.300088,1.266944942269,1.266944942269,5.4031e-14,0.2312,1.80053e-13,1.295388587649,1700072109095
0.300091,1.26695085672,1.26695085672,5.4032e-14,0.2312,1.80055e-13,1.295408739464,1700158509095
0.300094,1.266956771307,1.266956771307,5.4033e-14,0.2312,1.80057e-13,1.295428891817,1700244909095
0.300097,1.266962686032,1.266962686032,5.4034e-14,0.2312,1.80059e-13,1.295449044706,1700331309095
0.300101,1.266968600894,1.266968600894,5.4035e-14,0.2312,1.80061e-13,1.295469198133,1700417709095
0.300104,1.266974515894,1.266974515894,5.4037e-14,0.2313,1.80063e-13,1.295489352098,1700504109095
0.300107,1.266980431139,1.266980431139,5.4038e-14,0.2313,1.80065e-13,1.2955095066,1700590509095
0.30011,1.266986346522,1.266986346522,5.4039e-14,0.2313,1.80067e-13,1.29552966164,1700676909095
0.300114,1.266992262041,1.266992262041,5.404e-14,0.2313,1.80069e-13,1.295549817216,1700763309095
0.300117,1.266998177698,1.266998177698,5.4041e-14,0.2313,1.80071e-13,1.29556997333,1700849709095
0.30012,1.267004093492,1.267004093492,5.4043e-14,0.2313,1.80073e-13,1.295590129982,1700936109095
0.300124,1.267010009533,1.267010009533,5.4044e-14,0.2313,1.80075e-13,1.295610287171,1701022509095
0.300127,1.26701592571,1.26701592571,5.4045e-14,0.2313,1.80077e-13,1.295630444898,1701108909095
0.30013,1.267021842025,1.267021842025,5.4046e-14,0.2313,1.80079e-13,1.295650603162,1701195309095
0.300133,1.267027758477,1.267027758477,5.4047e-14,0.2313,1.8008e-13,1.295670761963,1701281709095
0.300137,1.267033675065,1.267033675065,5.4049e-14,0.2313,1.80083e-13,1.295690921191,1701368109095
0.30014,1.2670395919,1.2670395919,5.405e-14,0.2313,1.80085e-13,1.295711081068,1701454509095
0.300143,1.267045508873,1.267045508873,5.4051e-14,0.2313,1.80086e-13,1.295731241483,1701540909095
0.300146,1.267051425983,1.267051425983,5.4052e-14,0.2313,1.80088e-13,1.295751402323,1701627309095
0.30015,1.267057343229,1.267057343229,5.4053e-14,0.2313,1.80091e-13,1.295771563701,1701713709095
0.300153,1.267063260613,1.267063260613,5.4054e-14,0.2313,1.80092e-13,1.295791725728,1701800109095
0.300156,1.267069178134,1.267069178134,5.4055e-14,0.2313,1.80094e-13,1.29581188818,1701886509095
0.300159,1.267075095793,1.267075095793,5.4057e-14,0.2313,1.80096e-13,1.29583205117,1701972909095
0.300163,1.267081013697,1.267081013697,5.4058e-14,0.2313,1.80098e-13,1.295852214698,1702059309095
0.300166,1.267086931739,1.267086931739,5.4059e-14,0.2313,1.801e-13,1.295872378764,1702145709095
0.300169,1.267092849918,1.267092849918,5.406e-14,0.2313,1.80102e-13,1.295892543368,1702232109095
0.300173,1.267098768235,1.267098768235,5.4061e-14,0.2313,1.80104e-13,1.295912708509,1702318509095
0.300176,1.267104686688,1.267104686688,5.4063e-14,0.2313,1.80106e-13,1.295932874188,1702404909095
0.300179,1.267110605388,1.267110605388,5.4064e-14,0.2313,1.80108e-13,1.295953040405,1702491309095
0.300182,1.267116524225,1.267116524225,5.4065e-14,0.2313,1.8011e-13,1.29597320716,1702577709095
0.300186,1.267122443199,1.267122443199,5.4066e-14,0.2313,1.80112e-13,1.295993374453,1702664109095
0.300189,1.26712836231,1.26712836231,5.4067e-14,0.2313,1.80114e-13,1.296013542282,1702750509095
0.300192,1.267134281558,1.267134281558,5.4068e-14,0.2313,1.80116e-13,1.29603371065,1702836909095
0.300195,1.267140200944,1.267140200944,5.407e-14,0.2314,1.80118e-13,1.296053879556,1702923309095
0.300199,1.267146120576,1.267146120576,5.4071e-14,0.2314,1.8012e-13,1.296074049,1703009709095
0.300202,1.267152040345,1.267152040345,5.4072e-14,0.2314,1.80122e-13,1.296094218982,1703096109095
0.300205,1.267157960251,1.267157960251,5.4073e-14,0.2314,1.80124e-13,1.296114389501,1703182509095
0.300208,1.267163880295,1.267163880295,5.4074e-14,0.2314,1.80125e-13,1.296134560558,1703268909095
0.300212,1.267169800475,1.267169800475,5.4076e-14,0.2314,1.80128e-13,1.296154732041,1703355309095
0.300215,1.267175720902,1.267175720902,5.4077e-14,0.2314,1.8013e-13,1.296174904174,1703441709095
0.300218,1.267181641466,1.267181641466,5.4078e-14,0.2314,1.80131e-13,1.296195076845,1703528109095
0.300222,1.267187562168,1.267187562168,5.4079e-14,0.2314,1.80134e-13,1.296215249942,1703614509095
0.300225,1.267193483006,1.267193483006,5.408e-14,0.2314,1.80136e-13,1.296235423688,1703700909095
0.300228,1.267199403982,1.267199403982,5.4081e-14,0.2314,1.80137e-13,1.296255597973,1703787309095
0.300231,1.267205325095,1.267205325095,5.4082e-14,0.2314,1.80139e-13,1.296275772683,1703873709095
0.300235,1.267211246345,1.267211246345,5.4084e-14,0.2314,1.80142e-13,1.296295947931,1703960109095
0.300238,1.267217167841,1.267217167841,5.4085e-14,0.2314,1.80143e-13,1.296316123829,1704046509095
0.300241,1.267223089475,1.267223089475,5.4086e-14,0.2314,1.80145e-13,1.296336300154,1704132909095
0.300244,1.267229011246,1.267229011246,5.4087e-14,0.2314,1.80147e-13,1.296356477017,1704219309095
0.300248,1.267234933154,1.267234933154,5.4088e-14,0.2314,1.80149e-13,1.296376654417,1704305709095
0.300251,1.2672408552,1.2672408552,5.409e-14,0.2314,1.80151e-13,1.296396832355,1704392109095
0.300254,1.267246777492,1.267246777492,5.4091e-14,0.2314,1.80153e-13,1.296417010832,1704478509095
0.300258,1.267252699921,1.267252699921,5.4092e-14,0.2314,1.80155e-13,1.296437189847,1704564909095
0.300261,1.267258622487,1.267258622487,5.4093e-14,0.2314,1.80157e-13,1.296457369401,1704651309095
0.300264,1.267264545191,1.267264545191,5.4094e-14,0.2314,1.80159e-13,1.296477549492,1704737709095
0.300267,1.267270468031,1.267270468031,5.4096e-14,0.2314,1.80161e-13,1.296497730121,1704824109095
0.300271,1.267276391118,1.267276391118,5.4097e-14,0.2314,1.80163e-13,1.296517911288,1704910509095
0.300274,1.267282314342,1.267282314342,5.4098e-14,0.2314,1.80165e-13,1.296538092994,1704996909095
0.300277,1.267288237704,1.267288237704,5.4099e-14,0.2314,1.80167e-13,1.296558275238,1705083309095
0.30028,1.267294161203,1.267294161203,5.41e-14,0.2314,1.80169e-13,1.29657845802,1705169709095
0.300284,1.26730008484,1.26730008484,5.4101e-14,0.2314,1.80171e-13,1.29659864134,1705256109095
0.300287,1.267306008613,1.267306008613,5.4103e-14,0.2315,1.80173e-13,1.296618825199,1705342509095
0.30029,1.267311932633,1.267311932633,5.4104e-14,0.2315,1.80175e-13,1.296639009596,1705428909095
0.300294,1.26731785679,1.26731785679,5.4105e-14,0.2315,1.80177e-13,1.296659194532,1705515309095
0.300297,1.267323781085,1.267323781085,5.4106e-14,0.2315,1.80179e-13,1.296679380005,1705601709095
0.3003,1.267329705516,1.267329705516,5.4107e-14,0.2315,1.80181e-13,1.296699566016,1705688109095
0.300303,1.267335630084,1.267335630084,5.4108e-14,0.2315,1.80182e-13,1.296719752566,1705774509095
0.300307,1.26734155479,1.26734155479,5.411e-14,0.2315,1.80185e-13,1.296739939542,1705860909095
0.30031,1.267347479743,1.267347479743,5.4111e-14,0.2315,1.80187e-13,1.296760127169,1705947309095
0.300313,1.267353404833,1.267353404833,5.4112e-14,0.2315,1.80188e-13,1.296780315333,1706033709095
0.300316,1.267359330059,1.267359330059,5.4113e-14,0.2315,1.8019e-13,1.296800503925,1706120109095
0.30032,1.267365255423,1.267365255423,5.4115e-14,0.2315,1.80193e-13,1.296820693055,1706206509095
0.300323,1.267371181034,1.267371181034,5.4115e-14,0.2315,1.80194e-13,1.296840882835,1706292909095
0.300326,1.267377106673,1.267377106673,5.4117e-14,0.2315,1.80196e-13,1.296861073041,1706379309095
0.300329,1.267383032558,1.267383032558,5.4118e-14,0.2315,1.80198e-13,1.296881263786,1706465709095
0.300333,1.267388958581,1.267388958581,5.4119e-14,0.2315,1.802e-13,1.29690145507,1706552109095
0.300336,1.26739488474,1.26739488474,5.412e-14,0.2315,1.80202e-13,1.296921646892,1706638509095
0.300339,1.267400811037,1.267400811037,5.4121e-14,0.2315,1.80204e-13,1.296941839252,1706724909095
0.300343,1.267406737471,1.267406737471,5.4123e-14,0.2315,1.80206e-13,1.296962032151,1706811309095
0.300346,1.267412664152,1.267412664152,5.4124e-14,0.2315,1.80208e-13,1.296982225588,1706897709095
0.300349,1.26741859097,1.26741859097,5.4125e-14,0.2315,1.8021e-13,1.297002419564,1706984109095
0.300352,1.267424517926,1.267424517926,5.4126e-14,0.2315,1.80212e-13,1.297022614079,1707070509095
0.300356,1.267430445019,1.267430445019,5.4127e-14,0.2315,1.80214e-13,1.297042809131,1707156909095
0.300359,1.267436372248,1.267436372248,5.4129e-14,0.2315,1.80216e-13,1.297063004722,1707243309095
0.300362,1.267442299724,1.267442299724,5.413e-14,0.2315,1.80218e-13,1.297083200852,1707329709095
0.300365,1.267448227338,1.267448227338,5.4131e-14,0.2315,1.8022e-13,1.297103397521,1707416109095
0.300369,1.267454155089,1.267454155089,5.4132e-14,0.2315,1.80222e-13,1.297123594729,1707502509095
0.300372,1.267460082977,1.267460082977,5.4133e-14,0.2315,1.80224e-13,1.297143792474,1707588909095
0.300375,1.267466011003,1.267466011003,5.4134e-14,0.2315,1.80226e-13,1.297163990758,1707675309095
0.300379,1.267471939165,1.267471939165,5.4136e-14,0.2316,1.80228e-13,1.297184189581,1707761709095
0.300382,1.267477867574,1.267477867574,5.4137e-14,0.2316,1.8023e-13,1.297204388943,1707848109095
0.300385,1.26748379612,1.26748379612,5.4138e-14,0.2316,1.80232e-13,1.297224588844,1707934509095
0.300388,1.267489724804,1.267489724804,5.4139e-14,0.2316,1.80233e-13,1.297244789283,1708020909095
0.300392,1.267495653625,1.267495653625,5.414e-14,0.2316,1.80236e-13,1.297264990149,1708107309095
0.300395,1.267501582584,1.267501582584,5.4142e-14,0.2316,1.80238e-13,1.297285191666,1708193709095
0.300398,1.267507511789,1.267507511789,5.4143e-14,0.2316,1.80239e-13,1.297305393722,1708280109095
0.300401,1.267513441132,1.267513441132,5.4144e-14,0.2316,1.80241e-13,1.297325596204,1708366509095
0.300405,1.267519370611,1.267519370611,5.4145e-14,0.2316,1.80244e-13,1.297345799225,1708452909095
0.300408,1.267525300228,1.267525300228,5.4146e-14,0.2316,1.80245e-13,1.297366002897,1708539309095
0.300411,1.267531229982,1.267531229982,5.4147e-14,0.2316,1.80247e-13,1.297386206996,1708625709095
0.300415,1.267537159873,1.267537159873,5.4149e-14,0.2316,1.8025e-13,1.297406411633,1708712109095
0.300418,1.267543090011,1.267543090011,5.415e-14,0.2316,1.80251e-13,1.297426616922,1708798509095
0.300421,1.267549020287,1.267549020287,5.4151e-14,0.2316,1.80253e-13,1.297446822637,1708884909095
0.300424,1.2675549507,1.2675549507,5.4152e-14,0.2316,1.80255e-13,1.297467028891,1708971309095
0.300428,1.267560881249,1.267560881249,5.4153e-14,0.2316,1.80257e-13,1.297487235685,1709057709095
0.300431,1.267566811936,1.267566811936,5.4154e-14,0.2316,1.80259e-13,1.297507443016,1709144109095
0.300434,1.26757274276,1.26757274276,5.4156e-14,0.2316,1.80261e-13,1.297527650887,1709230509095
0.300437,1.267578673831,1.267578673831,5.4157e-14,0.2316,1.80263e-13,1.297547859297,1709316909095
0.300441,1.267584605039,1.267584605039,5.4158e-14,0.2316,1.80265e-13,1.297568068246,1709403309095
0.300444,1.267590536385,1.267590536385,5.4159e-14,0.2316,1.80267e-13,1.297588277734,1709489709095
0.300447,1.267596467868,1.267596467868,5.416e-14,0.2316,1.80269e-13,1.29760848776,1709576109095
0.300451,1.267602399489,1.267602399489,5.4162e-14,0.2316,1.80271e-13,1.297628698325,1709662509095
0.300454,1.267608331356,1.267608331356,5.4163e-14,0.2316,1.80273e-13,1.29764890943,1709748909095
0.300457,1.267614263361,1.267614263361,5.4164e-14,0.2316,1.80275e-13,1.297669121074,1709835309095
0.30046,1.267620195502,1.267620195502,5.4165e-14,0.2316,1.80277e-13,1.297689333257,1709921709095
0.300464,1.267626127781,1.267626127781,5.4166e-14,0.2316,1.80279e-13,1.297709545978,1710008109095
0.300467,1.267632060197,1.267632060197,5.4168e-14,0.2317,1.80281e-13,1.297729759239,1710094509095
0.30047,1.26763799286,1.26763799286,5.4169e-14,0.2317,1.80283e-13,1.297749973039,1710180909095
0.300474,1.26764392566,1.26764392566,5.417e-14,0.2317,1.80285e-13,1.297770187378,1710267309095
0.300477,1.267649858598,1.267649858598,5.4171e-14,0.2317,1.80287e-13,1.297790402257,1710353709095
0.30048,1.267655791673,1.267655791673,5.4172e-14,0.2317,1.80289e-13,1.297810617674,1710440109095
0.300483,1.267661724885,1.267661724885,5.4173e-14,0.2317,1.8029e-13,1.29783083363,1710526509095
0.300487,1.267667658235,1.267667658235,5.4175e-14,0.2317,1.80293e-13,1.297851050014,1710612909095
0.30049,1.267673591832,1.267673591832,5.4176e-14,0.2317,1.80295e-13,1.297871267049,1710699309095
0.300493,1.267679525566,1.267679525566,5.4177e-14,0.2317,1.80296e-13,1.297891484624,1710785709095
0.300496,1.267685459436,1.267685459436,5.4178e-14,0.2317,1.80298e-13,1.297911702625,1710872109095
0.3005,1.267691393445,1.267691393445,5.4179e-14,0.2317,1.80301e-13,1.297931921166,1710958509095
0.300503,1.26769732759,1.26769732759,5.418e-14,0.2317,1.80302e-13,1.297952140358,1711044909095
0.300506,1.267703261873,1.267703261873,5.4182e-14,0.2317,1.80304e-13,1.297972359976,1711131309095
0.30051,1.267709196402,1.267709196402,5.4183e-14,0.2317,1.80307e-13,1.297992580134,1711217709095
0.300513,1.267715131069,1.267715131069,5.4184e-14,0.2317,1.80308e-13,1.298012800943,1711304109095
0.300516,1.267721065873,1.267721065873,5.4185e-14,0.2317,1.8031e-13,1.29803302218,1711390509095
0.300519,1.267727000815,1.267727000815,5.4186e-14,0.2317,1.80312e-13,1.298053243957,1711476909095
0.300523,1.267732935894,1.267732935894,5.4187e-14,0.2317,1.80314e-13,1.298073466272,1711563309095
0.300526,1.26773887111,1.26773887111,5.4189e-14,0.2317,1.80316e-13,1.298093689126,1711649709095
0.300529,1.267744806573,1.267744806573,5.419e-14,0.2317,1.80318e-13,1.29811391252,1711736109095
0.300532,1.267750742174,1.267750742174,5.4191e-14,0.2317,1.8032e-13,1.298134136454,1711822509095
0.300536,1.267756677912,1.267756677912,5.4192e-14,0.2317,1.80322e-13,1.298154360927,1711908909095
0.300539,1.267762613787,1.267762613787,5.4193e-14,0.2317,1.80324e-13,1.298174585939,1711995309095
0.300542,1.2677685498,1.2677685498,5.4195e-14,0.2317,1.80326e-13,1.29819481149,1712081709095
0.300546,1.26777448606,1.26777448606,5.4196e-14,0.2317,1.80328e-13,1.298215037581,1712168109095
0.300549,1.267780422457,1.267780422457,5.4197e-14,0.2317,1.8033e-13,1.298235264212,1712254509095
0.300552,1.26778635899,1.26778635899,5.4198e-14,0.2317,1.80332e-13,1.298255491383,1712340909095
0.300555,1.267792295662,1.267792295662,5.4199e-14,0.2317,1.80334e-13,1.298275719092,1712427309095
0.300559,1.26779823247,1.26779823247,5.4201e-14,0.2318,1.80336e-13,1.298295947341,1712513709095
0.300562,1.267804169526,1.267804169526,5.4202e-14,0.2318,1.80338e-13,1.29831617613,1712600109095
0.300565,1.267810106718,1.267810106718,5.4203e-14,0.2318,1.8034e-13,1.298336405458,1712686509095
0.300568,1.267816044048,1.267816044048,5.4204e-14,0.2318,1.80341e-13,1.298356635326,1712772909095
0.300572,1.267821981515,1.267821981515,5.4205e-14,0.2318,1.80344e-13,1.298376865621,1712859309095
0.300575,1.26782791912,1.26782791912,5.4207e-14,0.2318,1.80346e-13,1.298397096568,1712945709095
0.300578,1.267833856971,1.267833856971,5.4207e-14,0.2318,1.80347e-13,1.298417328054,1713032109095
0.300582,1.26783979485,1.26783979485,5.4209e-14,0.2318,1.8035e-13,1.298437559967,1713118509095
0.300585,1.267845732976,1.267845732976,5.421e-14,0.2318,1.80352e-13,1.298457792533,1713204909095
0.300588,1.26785167124,1.26785167124,5.4211e-14,0.2318,1.80353e-13,1.298478025638,1713291309095
0.300591,1.267857609641,1.267857609641,5.4212e-14,0.2318,1.80355e-13,1.298498259171,1713377709095
0.300595,1.267863548179,1.267863548179,5.4214e-14,0.2318,1.80358e-13,1.298518493244,1713464109095
0.300598,1.267869486964,1.267869486964,5.4215e-14,0.2318,1.80359e-13,1.298538727969,1713550509095
0.300601,1.267875425887,1.267875425887,5.4216e-14,0.2318,1.80361e-13,1.298558963121,1713636909095
0.300605,1.267881364947,1.267881364947,5.4217e-14,0.2318,1.80364e-13,1.298579198813,1713723309095
0.300608,1.267887304144,1.267887304144,5.4218e-14,0.2318,1.80365e-13,1.298599435156,1713809709095
0.300611,1.267893243479,1.267893243479,5.4219e-14,0.2318,1.80367e-13,1.298619671928,1713896109095
0.300614,1.267899182951,1.267899182951,5.4221e-14,0.2318,1.80369e-13,1.298639909238,1713982509095
0.300618,1.26790512267,1.26790512267,5.4222e-14,0.2318,1.80371e-13,1.298660147088,1714068909095
0.300621,1.267911062526,1.267911062526,5.4223e-14,0.2318,1.80373e-13,1.298680385478,1714155309095
0.300624,1.26791700252,1.26791700252,5.4224e-14,0.2318,1.80375e-13,1.298700624408,1714241709095
0.300627,1.267922942651,1.267922942651,5.4225e-14,0.2318,1.80377e-13,1.298720863879,1714328109095
0.300631,1.26792888292,1.26792888292,5.4227e-14,0.2318,1.80379e-13,1.298741103888,1714414509095
0.300634,1.267934823435,1.267934823435,5.4228e-14,0.2318,1.80381e-13,1.298761344437,1714500909095
0.300637,1.267940764088,1.267940764088,5.4229e-14,0.2318,1.80383e-13,1.298781585527,1714587309095
0.300641,1.267946704878,1.267946704878,5.423e-14,0.2318,1.80385e-13,1.298801827157,1714673709095
0.300644,1.267952645806,1.267952645806,5.4231e-14,0.2318,1.80387e-13,1.298822069327,1714760109095
0.300647,1.267958586871,1.267958586871,5.4232e-14,0.2318,1.80389e-13,1.298842312036,1714846509095
0.30065,1.267964528073,1.267964528073,5.4234e-14,0.2319,1.80391e-13,1.298862555285,1714932909095
0.300654,1.267970469522,1.267970469522,5.4235e-14,0.2319,1.80393e-13,1.298882799074,1715019309095
0.300657,1.267976411109,1.267976411109,5.4236e-14,0.2319,1.80395e-13,1.298903043403,1715105709095
0.30066,1.267982352833,1.267982352833,5.4237e-14,0.2319,1.80397e-13,1.298923288273,1715192109095
0.300663,1.267988294694,1.267988294694,5.4238e-14,0.2319,1.80398e-13,1.298943533682,1715278509095
0.300667,1.267994236693,1.267994236693,5.424e-14,0.2319,1.80401e-13,1.298963779519,1715364909095
0.30067,1.26800017894,1.26800017894,5.4241e-14,0.2319,1.80403e-13,1.298984026008,1715451309095
0.300673,1.268006121323,1.268006121323,5.4242e-14,0.2319,1.80404e-13,1.299004273037,1715537709095
0.300677,1.268012063843,1.268012063843,5.4243e-14,0.2319,1.80407e-13,1.299024520494,1715624109095
0.30068,1.268018006501,1.268018006501,5.4244e-14,0.2319,1.80409e-13,1.299044768603,1715710509095
0.300683,1.268023949296,1.268023949296,5.4245e-14,0.2319,1.8041e-13,1.299065017252,1715796909095
0.300686,1.26802989223,1.26802989223,5.4246e-14,0.2319,1.80412e-13,1.29908526633,1715883309095
0.30069,1.2680358353,1.2680358353,5.4248e-14,0.2319,1.80415e-13,1.299105515947,1715969709095
0.300693,1.268041778618,1.268041778618,5.4249e-14,0.2319,1.80416e-13,1.299125766217,1716056109095
0.300696,1.268047722073,1.268047722073,5.425e-14,0.2319,1.80418e-13,1.299146016915,1716142509095
0.3007,1.268053665666,1.268053665666,5.4252e-14,0.2319,1.80421e-13,1.299166268153,1716228909095
0.300703,1.268059609505,1.268059609505,5.4252e-14,0.2319,1.80422e-13,1.299186520043,1716315309095
0.300706,1.268065553372,1.268065553372,5.4254e-14,0.2319,1.80424e-13,1.299206772361,1716401709095
0.300709,1.268071497486,1.268071497486,5.4255e-14,0.2319,1.80426e-13,1.299227025219,1716488109095
0.300713,1.268077441738,1.268077441738,5.4256e-14,0.2319,1.80428e-13,1.299247278618,1716574509095
0.300716,1.268083386127,1.268083386127,5.4257e-14,0.2319,1.8043e-13,1.299267532557,1716660909095
0.300719,1.268089330653,1.268089330653,5.4258e-14,0.2319,1.80432e-13,1.299287787037,1716747309095
0.300722,1.268095275317,1.268095275317,5.426e-14,0.2319,1.80434e-13,1.299308042056,1716833709095
0.300726,1.268101220228,1.268101220228,5.4261e-14,0.2319,1.80436e-13,1.299328297615,1716920109095
0.300729,1.268107165276,1.268107165276,5.4262e-14,0.2319,1.80438e-13,1.299348553715,1717006509095
0.300732,1.268113110461,1.268113110461,5.4263e-14,0.2319,1.8044e-13,1.299368810355,1717092909095
0.300736,1.268119055784,1.268119055784,5.4264e-14,0.2319,1.80442e-13,1.299389067536,1717179309095
0.300739,1.268125001244,1.268125001244,5.4266e-14,0.232,1.80444e-13,1.299409325256,1717265709095
0.300742,1.268130946952,1.268130946952,5.4267e-14,0.232,1.80446e-13,1.299429583517,1717352109095
0.300745,1.268136892796,1.268136892796,5.4268e-14,0.232,1.80448e-13,1.299449842319,1717438509095
0.300749,1.268142838779,1.268142838779,5.4269e-14,0.232,1.8045e-13,1.299470101661,1717524909095
0.300752,1.268148784899,1.268148784899,5.427e-14,0.232,1.80452e-13,1.299490361544,1717611309095
0.300755,1.268154731157,1.268154731157,5.4272e-14,0.232,1.80454e-13,1.299510621966,1717697709095
0.300759,1.268160677661,1.268160677661,5.4273e-14,0.232,1.80456e-13,1.299530882929,1717784109095
0.300762,1.268166624303,1.268166624303,5.4274e-14,0.232,1.80458e-13,1.299551144433,1717870509095
0.300765,1.268172571082,1.268172571082,5.4275e-14,0.232,1.8046e-13,1.299571406477,1717956909095
0.300768,1.268178517999,1.268178517999,5.4276e-14,0.232,1.80461e-13,1.299591669062,1718043309095
0.300772,1.268184465053,1.268184465053,5.4278e-14,0.232,1.80464e-13,1.299611932075,1718129709095
0.300775,1.268190412354,1.268190412354,5.4279e-14,0.232,1.80466e-13,1.29963219574,1718216109095
0.300778,1.268196359792,1.268196359792,5.428e-14,0.232,1.80467e-13,1.299652459946,1718302509095
0.300782,1.268202307369,1.268202307369,5.4281e-14,0.232,1.8047e-13,1.29967272458,1718388909095
0.300785,1.268208255083,1.268208255083,5.4282e-14,0.232,1.80472e-13,1.299692989868,1718475309095
0.300788,1.268214202934,1.268214202934,5.4283e-14,0.232,1.80473e-13,1.299713255695,1718561709095
0.300791,1.268220150923,1.268220150923,5.4284e-14,0.232,1.80475e-13,1.299733521951,1718648109095
0.300795,1.268226099049,1.268226099049,5.4286e-14,0.232,1.80478e-13,1.299753788748,1718734509095
0.300798,1.268232047422,1.268232047422,5.4287e-14,0.232,1.80479e-13,1.299774056198,1718820909095
0.300801,1.268237995932,1.268237995932,5.4288e-14,0.232,1.80481e-13,1.299794324076,1718907309095
0.300804,1.26824394458,1.26824394458,5.4289e-14,0.232,1.80483e-13,1.299814592495,1718993709095
0.300808,1.268249893365,1.268249893365,5.429e-14,0.232,1.80485e-13,1.299834861455,1719080109095
0.300811,1.268255842288,1.268255842288,5.4292e-14,0.232,1.80487e-13,1.299855130956,1719166509095
0.300814,1.268261791458,1.268261791458,5.4293e-14,0.232,1.80489e-13,1.299875400996,1719252909095
0.300818,1.268267740766,1.268267740766,5.4294e-14,0.232,1.80491e-13,1.299895671577,1719339309095
0.300821,1.268273690211,1.268273690211,5.4295e-14,0.232,1.80493e-13,1.299915942699,1719425709095
0.300824,1.268279639794,1.268279639794,5.4296e-14,0.232,1.80495e-13,1.299936214362,1719512109095
0.300827,1.268285589514,1.268285589514,5.4297e-14,0.232,1.80497e-13,1.299956486566,1719598509095
0.300831,1.268291539371,1.268291539371,5.4299e-14,0.2321,1.80499e-13,1.29997675931,1719684909095
0.300834,1.268297489475,1.268297489475,5.43e-14,0.2321,1.80501e-13,1.299997032595,1719771309095
0.300837,1.268303439718,1.268303439718,5.4301e-14,0.2321,1.80503e-13,1.300017306421,1719857709095
0.300841,1.268309390098,1.268309390098,5.4302e-14,0.2321,1.80505e-13,1.300037580788,1719944109095
0.300844,1.268315340615,1.268315340615,5.4303e-14,0.2321,1.80507e-13,1.300057855696,1720030509095
0.300847,1.26832129127,1.26832129127,5.4305e-14,0.2321,1.80509e-13,1.300078131144,1720116909095
0.30085,1.268327242172,1.268327242172,5.4306e-14,0.2321,1.80511e-13,1.300098407133,1720203309095
0.300854,1.268333193211,1.268333193211,5.4307e-14,0.2321,1.80513e-13,1.300118683663,1720289709095
0.300857,1.268339144387,1.268339144387,5.4308e-14,0.2321,1.80515e-13,1.300138960734,1720376109095
0.30086,1.268345095701,1.268345095701,5.4309e-14,0.2321,1.80517e-13,1.300159238347,1720462509095
0.300864,1.268351047152,1.268351047152,5.4311e-14,0.2321,1.80519e-13,1.300179516499,1720548909095
0.300867,1.268356998851,1.268356998851,5.4312e-14,0.2321,1.80521e-13,1.300199795193,1720635309095
0.30087,1.268362950687,1.268362950687,5.4313e-14,0.2321,1.80523e-13,1.300220074428,1720721709095
0.300873,1.268368902661,1.268368902661,5.4314e-14,0.2321,1.80524e-13,1.300240354204,1720808109095
0.300877,1.268374854772,1.268374854772,5.4315e-14,0.2321,1.80527e-13,1.300260634408,1720894509095
0.30088,1.268380807021,1.268380807021,5.4317e-14,0.2321,1.80529e-13,1.300280915265,1720980909095
0.300883,1.268386759516,1.268386759516,5.4317e-14,0.2321,1.8053e-13,1.300301196664,1721067309095
0.300886,1.268392712039,1.268392712039,5.4319e-14,0.2321,1.80532e-13,1.300321478492,1721153709095
0.30089,1.26839866481,1.26839866481,5.432e-14,0.2321,1.80535e-13,1.30034176086,1721240109095
0.300893,1.268404617719,1.268404617719,5.4321e-14,0.2321,1.80536e-13,1.300362043883,1721326509095
0.300896,1.268410570765,1.268410570765,5.4322e-14,0.2321,1.80538e-13,1.300382327334,1721412909095
0.3009,1.268416523948,1.268416523948,5.4324e-14,0.2321,1.80541e-13,1.300402611326,1721499309095
0.300903,1.268422477378,1.268422477378,5.4325e-14,0.2321,1.80542e-13,1.300422895971,1721585709095
0.300906,1.268428430947,1.268428430947,5.4326e-14,0.2321,1.80544e-13,1.300443181045,1721672109095
0.300909,1.268434384653,1.268434384653,5.4327e-14,0.2321,1.80546e-13,1.30046346666,1721758509095
0.300913,1.268440338496,1.268440338496,5.4328e-14,0.2321,1.80548e-13,1.300483752816,1721844909095
0.300916,1.268446292477,1.268446292477,5.4329e-14,0.2321,1.8055e-13,1.300504039514,1721931309095
0.300919,1.268452246595,1.268452246595,5.4331e-14,0.2321,1.80552e-13,1.300524326753,1722017709095
0.300923,1.26845820096,1.26845820096,5.4332e-14,0.2322,1.80554e-13,1.300544614532,1722104109095
0.300926,1.268464155463,1.268464155463,5.4333e-14,0.2322,1.80556e-13,1.300564902853,1722190509095
0.300929,1.268470110104,1.268470110104,5.4334e-14,0.2322,1.80558e-13,1.300585191715,1722276909095
0.300932,1.268476064882,1.268476064882,5.4335e-14,0.2322,1.8056e-13,1.300605481119,1722363309095
0.300936,1.268482019798,1.268482019798,5.4337e-14,0.2322,1.80562e-13,1.300625771064,1722449709095
0.300939,1.26848797496,1.26848797496,5.4338e-14,0.2322,1.80564e-13,1.30064606155,1722536109095
0.300942,1.268493930261,1.268493930261,5.4339e-14,0.2322,1.80566e-13,1.300666352577,1722622509095
0.300946,1.268499885699,1.268499885699,5.434e-14,0.2322,1.80568e-13,1.300686644146,1722708909095
0.300949,1.268505841275,1.268505841275,5.4341e-14,0.2322,1.8057e-13,1.300706936256,1722795309095
0.300952,1.268511796988,1.268511796988,5.4343e-14,0.2322,1.80572e-13,1.300727228908,1722881709095
0.300955,1.268517752948,1.268517752948,5.4344e-14,0.2322,1.80574e-13,1.3007475221,1722968109095
0.300959,1.268523709046,1.268523709046,5.4345e-14,0.2322,1.80576e-13,1.300767815834,1723054509095
0.300962,1.268529665282,1.268529665282,5.4346e-14,0.2322,1.80578e-13,1.30078811011,1723140909095
0.300965,1.268535621655,1.268535621655,5.4347e-14,0.2322,1.8058e-13,1.300808404927,1723227309095
0.300969,1.268541578165,1.268541578165,5.4349e-14,0.2322,1.80582e-13,1.300828700286,1723313709095
0.300972,1.268547534922,1.268547534922,5.435e-14,0.2322,1.80584e-13,1.300848996185,1723400109095
0.300975,1.268553491818,1.268553491818,5.4351e-14,0.2322,1.80586e-13,1.300869292626,1723486509095
0.300978,1.268559448851,1.268559448851,5.4352e-14,0.2322,1.80587e-13,1.300889589609,1723572909095
0.300982,1.268565406021,1.268565406021,5.4353e-14,0.2322,1.8059e-13,1.30090988702,1723659309095
0.300985,1.268571363329,1.268571363329,5.4355e-14,0.2322,1.80592e-13,1.300930185086,1723745709095
0.300988,1.268577320885,1.268577320885,5.4355e-14,0.2322,1.80593e-13,1.300950483693,1723832109095
0.300991,1.268583278469,1.268583278469,5.4357e-14,0.2322,1.80595e-13,1.30097078273,1723918509095
0.300995,1.268589236299,1.268589236299,5.4358e-14,0.2322,1.80598e-13,1.300991082308,1724004909095
0.300998,1.268595194267,1.268595194267,5.4359e-14,0.2322,1.80599e-13,1.30101138254,1724091309095
0.301001,1.268601152372,1.268601152372,5.436e-14,0.2322,1.80601e-13,1.301031683201,1724177709095
0.301005,1.268607110616,1.268607110616,5.4362e-14,0.2322,1.80604e-13,1.301051984404,1724264109095
0.301008,1.268613069106,1.268613069106,5.4363e-14,0.2322,1.80605e-13,1.30107228626,1724350509095
0.301011,1.268619027734,1.268619027734,5.4364e-14,0.2323,1.80607e-13,1.301092588546,1724436909095
0.301014,1.268624986499,1.268624986499,5.4365e-14,0.2323,1.80609e-13,1.301112891373,1724523309095
0.301018,1.268630945403,1.268630945403,5.4366e-14,0.2323,1.80611e-13,1.301133194742,1724609709095
0.301021,1.268636904444,1.268636904444,5.4367e-14,0.2323,1.80613e-13,1.301153498653,1724696109095
0.301024,1.268642863622,1.268642863622,5.4369e-14,0.2323,1.80615e-13,1.301173803106,1724782509095
0.301028,1.268648823047,1.268648823047,5.437e-14,0.2323,1.80617e-13,1.301194108101,1724868909095
0.301031,1.268654782611,1.268654782611,5.4371e-14,0.2323,1.80619e-13,1.301214413636,1724955309095
0.301034,1.268660742312,1.268660742312,5.4372e-14,0.2323,1.80621e-13,1.301234719713,1725041709095
0.301037,1.26866670215,1.26866670215,5.4373e-14,0.2323,1.80623e-13,1.301255026332,1725128109095
0.301041,1.268672662126,1.268672662126,5.4375e-14,0.2323,1.80625e-13,1.301275333493,1725214509095
0.301044,1.26867862235,1.26867862235,5.4376e-14,0.2323,1.80627e-13,1.301295641196,1725300909095
0.301047,1.268684582711,1.268684582711,5.4377e-14,0.2323,1.80629e-13,1.30131594944,1725387309095
0.301051,1.268690543209,1.268690543209,5.4378e-14,0.2323,1.80631e-13,1.301336258226,1725473709095
0.301054,1.268696503845,1.268696503845,5.4379e-14,0.2323,1.80633e-13,1.301356567554,1725560109095
0.301057,1.268702464618,1.268702464618,5.4381e-14,0.2323,1.80635e-13,1.301376877424,1725646509095
0.30106,1.268708425639,1.268708425639,5.4382e-14,0.2323,1.80637e-13,1.301397187836,1725732909095
0.301064,1.268714386797,1.268714386797,5.4383e-14,0.2323,1.80639e-13,1.301417498789,1725819309095
0.301067,1.268720348093,1.268720348093,5.4384e-14,0.2323,1.80641e-13,1.301437810284,1725905709095
0.30107,1.268726309526,1.268726309526,5.4385e-14,0.2323,1.80643e-13,1.301458122322,1725992109095
0.301074,1.268732271098,1.268732271098,5.4386e-14,0.2323,1.80645e-13,1.301478434902,1726078509095
0.301077,1.268738232807,1.268738232807,5.4388e-14,0.2323,1.80647e-13,1.301498748024,1726164909095
0.30108,1.268744194764,1.268744194764,5.4389e-14,0.2323,1.80649e-13,1.301519061687,1726251309095
0.301083,1.268750156858,1.268750156858,5.439e-14,0.2323,1.8065e-13,1.301539375892,1726337709095
0.301087,1.26875611909,1.26875611909,5.4391e-14,0.2323,1.80653e-13,1.301559690527,1726424109095
0.30109,1.268762081459,1.268762081459,5.4392e-14,0.2323,1.80655e-13,1.301580005817,1726510509095
0.301093,1.268768043965,1.268768043965,5.4393e-14,0.2323,1.80656e-13,1.301600321649,1726596909095
0.301097,1.26877400661,1.26877400661,5.4395e-14,0.2323,1.80659e-13,1.30162063791,1726683309095
0.3011,1.268779969502,1.268779969502,5.4396e-14,0.2323,1.80661e-13,1.301640954825,1726769709095
0.301103,1.268785932531,1.268785932531,5.4397e-14,0.2324,1.80662e-13,1.301661272282,1726856109095
0.301106,1.268791895698,1.268791895698,5.4398e-14,0.2324,1.80664e-13,1.301681590168,1726942509095
0.30111,1.268797859003,1.268797859003,5.44e-14,0.2324,1.80667e-13,1.301701908597,1727028909095
0.301113,1.268803822555,1.268803822555,5.4401e-14,0.2324,1.80668e-13,1.30172222768,1727115309095
0.301116,1.268809786245,1.268809786245,5.4402e-14,0.2324,1.8067e-13,1.301742547193,1727201709095
0.30112,1.268815750072,1.268815750072,5.4403e-14,0.2324,1.80673e-13,1.301762867249,1727288109095
0.301123,1.268821714037,1.268821714037,5.4404e-14,0.2324,1.80674e-13,1.301783187959,1727374509095
0.301126,1.268827678139,1.268827678139,5.4405e-14,0.2324,1.80676e-13,1.301803509098,1727460909095
0.301129,1.26883364238,1.26883364238,5.4407e-14,0.2324,1.80678e-13,1.30182383078,1727547309095
0.301133,1.268839606867,1.268839606867,5.4408e-14,0.2324,1.8068e-13,1.301844153004,1727633709095
0.301136,1.268845571492,1.268845571492,5.4409e-14,0.2324,1.80682e-13,1.301864475771,1727720109095
0.301139,1.268851536255,1.268851536255,5.441e-14,0.2324,1.80684e-13,1.301884799079,1727806509095
0.301143,1.268857501156,1.268857501156,5.4411e-14,0.2324,1.80686e-13,1.301905122929,1727892909095
0.301146,1.268863466194,1.268863466194,5.4412e-14,0.2324,1.80688e-13,1.301925447322,1727979309095
0.301149,1.268869431369,1.268869431369,5.4414e-14,0.2324,1.8069e-13,1.301945772257,1728065709095
0.301152,1.268875396792,1.268875396792,5.4415e-14,0.2324,1.80692e-13,1.301966097735,1728152109095
0.301156,1.268881362353,1.268881362353,5.4416e-14,0.2324,1.80694e-13,1.301986423754,1728238509095
0.301159,1.268887328052,1.268887328052,5.4417e-14,0.2324,1.80696e-13,1.302006750316,1728324909095
0.301162,1.268893293888,1.268893293888,5.4418e-14,0.2324,1.80698e-13,1.30202707742,1728411309095
0.301166,1.268899259862,1.268899259862,5.442e-14,0.2324,1.807e-13,1.302047405067,1728497709095
0.301169,1.268905226084,1.268905226084,5.4421e-14,0.2324,1.80702e-13,1.302067733257,1728584109095
0.301172,1.268911192443,1.268911192443,5.4422e-14,0.2324,1.80704e-13,1.302088061988,1728670509095
0.301175,1.268917158939,1.268917158939,5.4423e-14,0.2324,1.80706e-13,1.302108391262,1728756909095
0.301179,1.268923125574,1.268923125574,5.4424e-14,0.2324,1.80708e-13,1.302128721078,1728843309095
0.301182,1.268929092346,1.268929092346,5.4426e-14,0.2324,1.8071e-13,1.302149051437,1728929709095
0.301185,1.268935059365,1.268935059365,5.4427e-14,0.2324,1.80712e-13,1.302169382339,1729016109095
0.301189,1.268941026521,1.268941026521,5.4428e-14,0.2324,1.80714e-13,1.302189713782,1729102509095
0.301192,1.268946993816,1.268946993816,5.4429e-14,0.2325,1.80716e-13,1.302210045768,1729188909095
0.301195,1.268952961248,1.268952961248,5.443e-14,0.2325,1.80718e-13,1.302230378296,1729275309095
0.301198,1.268958928819,1.268958928819,5.4431e-14,0.2325,1.80719e-13,1.302250711367,1729361709095
0.301202,1.268964896527,1.268964896527,5.4433e-14,0.2325,1.80722e-13,1.302271044868,1729448109095
0.301205,1.268970864482,1.268970864482,5.4434e-14,0.2325,1.80724e-13,1.302291379023,1729534509095
0.301208,1.268976832575,1.268976832575,5.4435e-14,0.2325,1.80725e-13,1.302311713721,1729620909095
0.301212,1.268982800806,1.268982800806,5.4436e-14,0.2325,1.80728e-13,1.30233204885,1729707309095
0.301215,1.268988769174,1.268988769174,5.4438e-14,0.2325,1.8073e-13,1.302352384634,1729793709095
0.301218,1.26899473779,1.26899473779,5.4439e-14,0.2325,1.80731e-13,1.302372720961,1729880109095
0.301221,1.269000706543,1.269000706543,5.444e-14,0.2325,1.80733e-13,1.302393057717,1729966509095
0.301225,1.269006675435,1.269006675435,5.4441e-14,0.2325,1.80736e-13,1.302413395016,1730052909095
0.301228,1.269012644464,1.269012644464,5.4442e-14,0.2325,1.80737e-13,1.30243373297,1730139309095
0.301231,1.26901861363,1.26901861363,5.4443e-14,0.2325,1.80739e-13,1.302454071354,1730225709095
0.301235,1.269024582934,1.269024582934,5.4445e-14,0.2325,1.80742e-13,1.302474410281,1730312109095
0.301238,1.269030552486,1.269030552486,5.4446e-14,0.2325,1.80743e-13,1.302494749863,1730398509095
0.301241,1.269036522175,1.269036522175,5.4447e-14,0.2325,1.80745e-13,1.302515089876,1730484909095
0.301244,1.269042492001,1.269042492001,5.4448e-14,0.2325,1.80747e-13,1.302535430431,1730571309095
0.301248,1.269048461966,1.269048461966,5.4449e-14,0.2325,1.80749e-13,1.302555771528,1730657709095
0.301251,1.269054432068,1.269054432068,5.445e-14,0.2325,1.80751e-13,1.302576113168,1730744109095
0.301254,1.269060402309,1.269060402309,5.4452e-14,0.2325,1.80753e-13,1.302596455351,1730830509095
0.301258,1.269066372796,1.269066372796,5.4453e-14,0.2325,1.80755e-13,1.302616798077,1730916909095
0.301261,1.269072343422,1.269072343422,5.4454e-14,0.2325,1.80757e-13,1.302637141346,1731003309095
0.301264,1.269078314185,1.269078314185,5.4455e-14,0.2325,1.80759e-13,1.302657485157,1731089709095